10000,bg,4,ci,2,cj,3
10001,bb,5
10002,cj,3,aj,5,ce,1,aa,3,bg,1
10003,ci,1
10004,ce,1,cj,1
10005,cj,2,aa,2,ce,5
10006,bg,1,cj,1,bj,1
10007,bg,2,ce,3,ah,2
10008,cj,1,bg,3,ci,6
10009,ci,3,bg,4,cb,3,ba,3
10010,cj,1,ag,1,ac,1,aa,3
10011,aj,3,ch,2,ce,3
10012,ce,1,bg,2
10013,aa,1,ce,4,bg,1,ch,2,cj,2
10014,ch,3,bg,4,ce,2,cj,1
10015,bg,1,ce,3,ae,1,aj,3
10016,bg,2
10017,ch,5
10018,ch,3,aa,3,ce,2
10019,ci,3,bg,1,aa,1
10020,bf,3,bg,2,aa,2
10021,ad,3,bg,1,ba,1,bi,4
10022,ai,3,ch,2,bg,3,cj,1
10023,ci,1,cj,2,ch,4,bg,3
10024,cj,1,ci,2,bg,1
10025,cg,2,aa,2
10026,cd,4,bf,3,ce,3
10027,ch,1,ce,2,ci,2,cj,2
10028,aa,4,cj,2
10029,cb,3,ci,2,cj,2,aa,2
10030,ci,2,ce,2
10031,ce,3,cj,2,ch,2
10032,ch,1,ac,1,cj,4
10033,bg,2
10034,ci,2,ce,1,bb,3
10035,ce,1,bg,4,cj,3,aa,1
10036,cc,1,ce,1
10037,cj,2,ch,1,ci,1,aa,1
10038,ch,1,bg,2,cj,1,aa,3,ce,6
10039,bh,2,cj,1,ba,1
10040,aa,2,ae,2,ch,2
10041,ch,2,ce,4,ag,1,bi,2
10042,bc,2
10043,bg,2,ce,4,be,1,ch,2
10044,cf,2,bg,7,ci,4,cj,2,ce,2
10045,ci,4,ad,2
10046,cj,1,ch,4,ci,1,bg,1
10047,aa,2
10048,ci,2,bg,2,cj,2,aa,2
10049,aa,2,ci,1,cj,1,ce,1
10050,cc,3,aa,1,ch,2
10051,aa,2,ci,4
10052,bg,3,ci,3,cj,2,aa,1
10053,cj,2,bd,1,ch,1,ci,1
10054,cj,2,ce,1,bh,3
10055,bh,3,aa,2,ce,1
10056,aa,1,bg,1,ci,3,cj,1
10057,ae,1,ce,1,aa,1,cj,3
10058,aa,4,ch,1,cj,1,ci,1
10059,aa,1,cj,2,ch,2
10060,cc,2,bg,2,ci,3,ce,2
10061,ce,3,bg,1
10062,aa,6,bg,1,ch,1
10063,ch,3,ci,1,cj,1,ag,3
10064,aa,1,ci,3,bb,3,ad,4
10065,bg,2,ch,1
10066,aa,3,ch,3,ce,1
10067,ch,6,ci,2,cd,1
10068,bd,1,ci,7,cf,1,aa,2
10069,cj,2,ch,1,bg,4,aa,1,ah,3
10070,ci,4,ce,1
10071,ce,1
10072,ch,1,bg,6,aa,2,ci,2
10073,bg,2,ch,3,ci,3,af,1
10074,aj,4,ai,1,ch,5
10075,ci,2,bd,3,bf,4,ce,1
10076,ci,2,bg,2
10077,ch,2,cj,2,cf,1,ce,1,bd,1
10078,ci,1,bg,3,cj,3,ce,3
10079,cc,2,ch,2,ai,2,ci,3
10080,ci,3,ce,3,bg,4
10081,cj,2,ch,1
10082,ch,1,ag,1
10083,ci,6,aj,4
10084,bg,1,bh,4,ce,1
10085,cg,1,bi,1,ch,1,aa,5
10086,ci,1,cj,1,ch,2
10087,ci,2,bg,2,bi,2,ac,3
10088,ai,1,ci,1,aa,2
10089,cj,3,ch,2,cc,2
10090,ch,6,ce,3,bg,4
10091,ch,1,ce,3,ci,1,cj,1,ad,4
10092,ae,4,cj,1,aa,2,bg,3
10093,cj,1,ch,1,bg,2,ci,2,ba,2
10094,bg,2,cf,1
10095,cj,2,ci,2,ah,4
10096,cd,1,cj,2,ac,2
10097,aj,2,ci,1,bj,3,aa,1
10098,bd,3
10099,ce,1
10100,ch,1,bg,2
10101,bg,2,ch,3,cj,3
10102,ci,1,ch,2,aj,2,cj,1
10103,ch,1,aa,1,cj,2
10104,cj,1,ce,2,ch,1
10105,ce,2
10106,ce,1,bg,1
10107,bg,4,bi,6
10108,cf,1,aa,1
10109,ai,1,ce,5,bg,2
10110,ce,3,aa,4,bg,4,ch,1
10111,bg,1,ce,2,ag,1,ci,3
10112,ah,2,aa,4,ba,1,cj,2
10113,ce,2,ba,1,ch,4
10114,ch,2,cj,2,ce,3
10115,bh,2,ci,2
10116,ce,2,cj,3,aa,2,ci,2
10117,cj,1,ch,1
10118,ce,2,bg,2,cj,1
10119,cj,2,ci,2
10120,ah,3
10121,cj,3,aa,3
10122,be,1,cg,1,bg,4,bc,3
10123,ce,1,ci,3
10124,aa,1,cf,4,ce,1,bg,1,ci,1
10125,bg,3,ca,4,aa,2,ci,1,ch,3
10126,aa,1,ci,1,ch,1,bd,1,bg,1
10127,bg,1,ci,1,aa,5
10128,ce,1,bi,2,ch,3,cj,2
10129,cj,2,bg,3,ab,1,be,1
10130,aa,4,ch,1,bb,1
10131,cj,3,ac,2,ci,1,cb,3
10132,bg,1,aa,2,ch,1,cf,3
10133,ci,2,aa,1
10134,aa,1,cj,4,ce,1
10135,cj,3,aa,3,ce,3,ci,1,bi,2
10136,ch,1,ce,1,bg,4,cc,1
10137,ci,2,bg,2,aa,2,cj,3
10138,ch,3,be,1,bg,1,aa,2
10139,ch,2,bb,1,aa,1
10140,ch,1,cj,3,ci,3,aa,1
10141,ci,3
10142,ce,3
10143,ah,1,bg,3,ci,7,cj,2
10144,bg,3,aa,3
10145,ce,5,ci,3,cj,2
10146,ch,1,aa,2,bc,1,aj,4
10147,ce,4,ch,1,cj,2,ci,1
10148,ch,4,bg,3,cj,2
10149,bg,1
10150,ch,1
10151,ce,2,ci,2
10152,bd,2,ch,1,ce,1,aa,2,cj,1
10153,aa,1,aj,1,ch,2
10154,aa,2,cd,7,bg,1,ci,1,ch,1
10155,ch,3,cj,2,ce,1,ci,1
10156,bf,3
10157,ce,2,ah,1
10158,cj,1,bi,3,bg,2
10159,bj,2,aa,2,bg,1,cj,1
10160,aa,2,cj,3
10161,bg,2,ce,2,ci,1,aa,3
10162,cj,4
10163,bh,2,ci,2,bg,2,ch,1,cj,1
10164,ci,2,ch,1,ai,5
10165,bh,1,bb,3,aa,3,ai,3
10166,cj,1,ci,1,ch,3
10167,ag,2,ch,4,ci,2
10168,bg,2,bf,2,ci,2
10169,ch,1,bh,2,cj,2,ci,1,bf,1
10170,ci,2,cd,3
10171,ce,1
10172,ch,4,ci,7,ce,4
10173,ch,1,aa,2,bg,1
10174,cj,4,aa,1
10175,cj,1,ad,6,bh,1,ag,1,ac,4
10176,ce,4,bd,3,ch,2
10177,ch,5,bg,1,bb,2,cj,1
10178,aa,1,ce,1,ci,4,bg,2
10179,bi,1,bd,4
10180,ci,3,ce,5,bg,2
10181,cd,1,ci,3,bh,2,aa,2,cj,1
10182,ch,1
10183,ba,3,bg,3,ce,5
10184,bg,5,ce,5,ae,1,cj,2
10185,cj,2,ce,2,ci,3,ch,2
10186,bg,2,ch,1,cj,2,ci,2
10187,ch,1,cj,1,aj,3
10188,ch,1,cj,1,bj,1,cf,1,ba,2
10189,bg,3,ce,3,cg,4,aa,2
10190,ce,1,bg,1,ch,1
10191,bb,3,aa,4,bg,1
10192,ce,1,ci,1,cd,1
10193,ce,2,bg,1,bc,2,ba,2,ch,2
10194,aa,2,cj,1,ch,1
10195,cj,3,bg,3
10196,ci,7,bg,2,cj,3,ce,4
10197,cj,1,ci,3,bg,3
10198,cb,6,bg,4,ci,3
10199,aa,2,ci,2,cj,2
10200,ce,4,cj,1,ch,1,bg,4,cg,2
10201,cg,3,bg,2,ce,2,ba,2
10202,ab,2
10203,ch,1,ci,1,ce,2
10204,cj,3,ch,2,bg,1,bf,2
10205,ch,1,ci,2
10206,aa,2,bg,1,bb,1
10207,bc,1,ba,3,af,1,aa,2
10208,bg,1,cj,1
10209,bb,2,cj,1,cd,2
10210,af,1,cj,1,ch,2,ai,5
10211,ch,2,ae,2
10212,ch,1,ce,3
10213,ci,3,ch,3,aa,2
10214,ch,2,ci,5
10215,ci,1,ce,2,ch,3
10216,cj,1,ch,4,ae,2,bg,2
10217,aa,4,ba,2,ab,1,bg,1
10218,ag,2,cc,3
10219,bc,2,ce,3
10220,ch,1,bg,4
10221,cj,2,ce,2,ci,2,aa,4
10222,bc,2,bj,1,ci,4
10223,ce,2,aa,2,ci,3,ch,3,bg,1
10224,cj,1,ci,1,bg,2
10225,bg,4
10226,bi,5
10227,ce,5,aa,1,bh,3,cj,1,cg,1
10228,ce,5,bj,3,cd,1,aa,1
10229,aa,3,ci,1,ce,1,bc,2
10230,bg,3,ba,4,cc,2
10231,ch,1,cj,3,ci,3
10232,ce,2,cj,2,bb,3,bg,2
10233,bd,1,bg,1,bh,4,cj,1,ci,1
10234,cj,2,bg,3,cd,2,ci,1
10235,bf,4,bc,1
10236,ce,5,aa,2
10237,cj,5,af,1
10238,ci,3,ce,2,ai,5,aa,3
10239,aa,1,bf,1,cb,1
10240,aa,4,ci,1,bb,1
10241,ch,3,aa,1,bh,2
10242,ch,2,ce,1
10243,bc,1,cb,2,aa,3,ce,2
10244,aa,2
10245,bg,3,ci,3
10246,bg,1
10247,ch,3,cj,1,ce,2,aa,2
10248,ce,1
10249,cj,2,aa,1,ci,2
10250,bb,6,ce,3,ae,2,aa,1,ac,3
10251,ci,3
10252,ce,3,bi,2,bg,4
10253,aa,3,bg,5,ci,2,cj,1
10254,ch,1,ae,2,ai,2
10255,ci,3,bg,3,cj,1
10256,ca,1,cj,2,ah,3
10257,ch,2,cj,2,ce,2
10258,ci,4,bg,1,aa,3,cj,1,ch,1
10259,bg,1,ci,1,ce,4,cj,1,ca,1
10260,cc,3,af,1,aa,1,bg,3
10261,ch,2,cb,1
10262,bg,1,aa,2,ch,1,bb,1
10263,ch,2,ci,1,cc,4
10264,ch,1,ag,3
10265,aa,1,ce,1,ci,2,cj,2
10266,bh,3,cc,3
10267,ci,4,ce,2
10268,ce,2,aa,1,ch,3,bg,4
10269,ch,3,bg,1
10270,ch,1,be,3,aa,1,ci,1
10271,ch,2,ce,2,cf,1,bg,1
10272,ch,3
10273,cj,3,ce,3,ah,1
10274,cd,2,ci,2
10275,ch,2,aa,1,cj,1
10276,ah,2
10277,ci,2,aa,1,bg,4
10278,bf,2,ci,2
10279,aa,2,bg,1,ch,2
10280,ch,2,cj,1,bg,3,ad,1
10281,bg,1,bh,4
10282,cj,1,ai,1,bg,2,ba,3
10283,ch,1,be,1,bg,1
10284,ch,1,ai,2
10285,ce,1,aa,1
10286,cj,1,aa,2
10287,ce,2
10288,ce,2,ch,2,ci,1
10289,aa,3
10290,aa,3,cj,1,ci,2,ch,1,ac,1
10291,ce,3,cj,1,aa,3,ch,3
10292,bg,6,af,2
10293,ae,5,aa,1,bg,1
10294,bg,3
10295,bc,2,cj,2
10296,ce,3,cb,4,ci,4,bg,1,aa,1
10297,ch,5,ci,4
10298,ci,3,cg,1,ch,1,ba,2,bf,3
10299,af,2,ce,1
10300,cj,1,ch,1,aa,1,ci,6
10301,bi,4,ce,1,bg,1
10302,bg,1,ci,2,ce,4,cj,1,ae,3
10303,ac,3,bb,1,ce,6,bg,1
10304,bg,2,ai,1,aa,2,ch,4
10305,bg,2,aa,1
10306,bh,1,cb,2
10307,bg,4,ci,6,ce,1
10308,af,1
10309,af,2,ce,1,ci,3,aa,1,ch,2
10310,bg,4,ch,2,cj,3,ce,6
10311,ce,5,cd,4
10312,ch,1,bg,4,bd,1
10313,ci,2,bb,1
10314,aa,1,ca,2,bg,2
10315,ba,1,ch,2,ci,1,aa,1
10316,bd,1,ah,1,cj,3,ce,1,ci,3
10317,bg,3,ag,1,cj,2,aa,3
10318,cj,1,ch,2
10319,ce,2,ch,4,bg,2,be,1,ci,2
10320,bg,2
10321,ci,3,bg,1,bh,1,cj,2
10322,ch,1,ad,2,ci,4,ce,2
10323,bg,2,ci,1,ch,2,ba,3
10324,ce,2,bg,2,ch,1,cj,1,ci,1
10325,bg,3,aa,2,ad,1
10326,ch,6,bb,3
10327,bg,3,aa,1,ag,1
10328,bg,4
10329,ce,2,cb,1
10330,bj,2,aa,2,ce,4,ci,3
10331,ci,1
10332,bi,2,aa,1,cj,4,ci,2
10333,ce,4,cd,5,cf,1
10334,bg,1,aa,3,ad,2,ch,1,cc,2
10335,ce,1,ai,3,aa,3
10336,ba,2,ae,1,ci,3
10337,bb,1,ch,1,af,5,aj,3
10338,bg,2
10339,cj,3,ch,2,bg,1,ce,1
10340,ba,3,ah,1,cd,3,aa,1,cj,2
10341,cj,1,bg,2,aa,3,ch,2
10342,ci,3,bg,3,aa,1,ab,1,cg,1
10343,cj,3
10344,bg,1,ce,3,be,2,ac,1
10345,ch,1,aa,2
10346,bg,3,ci,3,bi,1,cj,2,bc,2
10347,bg,4,ce,4,ci,1
10348,bb,4,ba,2,ch,1,ce,3
10349,ce,3,bg,1,cj,2
10350,ch,1,ci,2,cc,3,cb,4
10351,bg,4
10352,ce,3,be,2,ci,2
10353,aa,2
10354,ci,2,ce,1,bg,2,cj,1,cd,2
10355,ba,3
10356,ba,4,ce,3
10357,cj,2,ch,2,ce,2,ci,2,bj,1
10358,bg,4,cj,2,ce,2
10359,ch,1
10360,ce,1,aa,2,cj,3,bg,3
10361,cj,2,aa,2,ci,3,bg,1,ag,1
10362,cj,2,cd,2
10363,ci,1,aa,1,bi,1,ah,3,bg,1
10364,ch,2,ci,1
10365,bg,1
10366,ci,3,bg,1,cc,3,ce,5
10367,bh,1
10368,ac,2,aj,1
10369,ca,4,ci,2,ch,1,cj,2
10370,cj,1,ci,2
10371,bg,1,af,1
10372,ca,2
10373,aa,1,ci,2,ch,1
10374,ci,2,ce,5,cj,1,ch,3,bg,2
10375,bg,1,ci,2,ca,1
10376,ce,1,cj,2,aa,2,bi,2,ad,3
10377,aj,1,bh,2,ac,1
10378,ad,5,aa,1,ce,2,ch,2
10379,bg,4,aa,4,ce,2,cc,1,ab,2
10380,ce,2,cj,3,bf,3,bg,3,ci,1
10381,ce,1,bg,2,ch,2
10382,ci,2,ch,1
10383,ci,4,ad,1,ch,1,ba,3,ac,1
10384,ad,1,ci,1
10385,ce,1,ci,1
10386,bg,4,ch,1
10387,ce,1,bg,2
10388,ch,1,cj,1,ci,1,bg,4
10389,aa,3,af,3,ci,2,cj,2,ce,1
10390,aa,1,ci,5,af,4
10391,aa,3,bb,1
10392,bg,4,aa,3,cj,2
10393,ci,3,ba,1,ch,1,cj,1
10394,aa,1,cj,3
10395,aa,1,bc,1,ce,3,ch,3
10396,bg,1,ba,2
10397,bg,3,ah,1
10398,ce,2,ci,1
10399,ab,2,cj,2,bg,5,ci,2
10400,ai,2,ch,4,bg,1
10401,ce,1,af,2,bg,1,aa,4
10402,bg,1,aa,4,ce,7,ci,1
10403,ch,1,bg,3,ci,2
10404,aa,5
10405,bg,3
10406,aa,2,cj,1
10407,ch,3
10408,ci,1,ce,4,ch,2,ad,1,cj,1
10409,aj,3,ci,4,cf,2,aa,2
10410,bg,1,cj,3,ab,1,aa,1
10411,ci,2,cj,1,bg,1
10412,cj,1,bh,2,ag,1,aa,1,ci,3
10413,ae,1,cj,2
10414,aa,5,cj,1,ch,1
10415,ch,2,bj,1,aa,4,ce,1
10416,ce,1,cj,1,ba,1,ch,2,aa,2
10417,bf,1,ci,1
10418,ai,1,cj,1,bg,2,ab,2
10419,ci,2,ce,2,ch,2,ae,1
10420,cj,3,ce,1,bd,1
10421,ci,3,cj,2,ce,2
10422,cj,1,aa,1,ch,2,ae,2
10423,ci,2,ch,2,aa,4
10424,cj,1
10425,ci,3
10426,bi,2,cj,3,bg,3
10427,ce,1,cj,1,ch,1,aa,1
10428,ce,4,cj,3
10429,ce,1,bi,2,bg,1,aa,5
10430,cj,1,ce,3
10431,cg,1,bg,1,cb,1
10432,aa,1,cj,5
10433,ch,3,ah,1,aa,2,ce,2,cj,1
10434,cj,4,bg,1
10435,bg,3,aa,3,ch,4
10436,af,1,ci,1,bg,2,cj,1
10437,ci,1,ch,1,cj,2
10438,bg,3,cj,2
10439,cj,1,bc,3,ce,4,bg,2,ch,1
10440,aj,2,bg,1,ch,1
10441,ci,3,cf,3,aa,2,ca,1,bi,1
10442,ce,3,aa,3,bh,1
10443,bf,3
10444,ci,3,bg,4
10445,cj,1,aa,2,ci,2,ch,2
10446,aa,4,cg,1,cd,3
10447,ch,1,ci,1,cj,1,bc,2
10448,aa,4,cj,1,cg,2
10449,bg,3,ch,1,ce,3
10450,bg,1,ci,4,ce,3
10451,aa,1,be,1,bg,1
10452,ce,1,bd,1,ch,2,cj,2
10453,cj,1,bg,2,ce,4,ch,1
10454,ch,4,bg,5,ce,1
10455,cc,2,ci,1
10456,bg,2,cj,5,ce,1
10457,bg,1,ac,1
10458,ci,2,aa,2,ae,3,ce,2
10459,cj,2,ch,1,cf,1,aa,1,ci,3
10460,cj,1,ch,3,ca,3,cb,2,ag,1
10461,aa,2
10462,af,1,ch,5,ci,3,aa,1
10463,ch,1,ce,5
10464,ci,1
10465,ci,1,ag,3,aa,4
10466,cd,6
10467,aa,2,cj,3,bg,3
10468,aa,2,ch,1,ad,2
10469,bi,4,cj,1
10470,bg,4,ce,2,cj,1,aa,2
10471,bd,1
10472,bb,1,ce,3,cc,1
10473,ch,4
10474,ca,1,bg,2,ci,3
10475,ch,5
10476,cj,2,ci,6,aa,1,ch,1
10477,ci,1,aa,2,bj,1,cf,1,cj,2
10478,ch,1,cc,6,ac,1,cj,2,ci,1
10479,ch,4,bg,1,aa,1
10480,ci,1,aa,1,bb,3,ch,3,cb,2
10481,aa,2,ch,1,cj,3,ai,1
10482,aa,1,cj,1,ch,2,bg,3,be,2
10483,ch,3,ah,3,ac,1
10484,cg,1,aa,2,cj,1,bg,1,ae,2
10485,cb,3,ad,2,ci,1,ca,2,ch,2
10486,ch,2,bg,2
10487,ac,4,ch,3,ai,1,aa,1,ci,2
10488,ce,1,cj,2,ai,2
10489,ce,1,bg,2,ci,2
10490,aa,4
10491,cj,2,ch,3,ci,2,aa,1
10492,cj,3,aa,4
10493,cj,1,aa,1,ab,1
10494,cj,2,cg,1,bg,5,ce,3
10495,ci,2,aa,3,ch,1,cj,2
10496,ch,2,ci,3,cj,3
10497,ch,1,ce,1,bg,2,aa,1,cj,1
10498,bg,1,ce,5
10499,bb,1,bc,4
10500,ce,2,ch,3,cj,1,ci,2
10501,ag,4,be,1,ch,1
10502,cj,3,ci,1,ag,2,bg,1
10503,ci,2,ce,1
10504,ce,2,cd,1,ab,1,cj,1,aa,1
10505,ci,3
10506,ce,3,aa,6
10507,cj,1,ca,1,ci,1
10508,bg,1,cj,2,aa,3
10509,bg,1,ch,1,ce,2,cj,1,be,2
10510,cj,2,ci,2,ch,4,ce,1
10511,cg,2,ch,2
10512,ch,5,cc,3,aa,1
10513,ag,2,ce,2,ch,1,aa,3
10514,aa,2,ad,1,ci,6
10515,ch,2
10516,aa,3,ce,2
10517,ce,4,ac,3,ch,1,ci,3,bg,2
10518,ci,3
10519,aa,2,ce,1
10520,ce,2
10521,cj,3
10522,bb,2,cj,1,ce,1,aa,3,ci,1
10523,bi,1,bg,1,cj,1
10524,ci,1,aa,4,ce,1,cf,1
10525,ce,2,ci,2,ch,3,bg,4
10526,bg,2,ac,2,ce,1
10527,ca,4,aa,2,ci,2,ag,1
10528,ba,1,ci,4
10529,bg,1,ce,2,ag,1,ad,1,ch,2
10530,aa,3,ce,2,bg,4,cj,1,ci,2
10531,bg,3,ci,3,ba,2
10532,ci,1,bd,3,ce,2,bg,3
10533,ch,2,ci,1,bg,2,ce,4,aa,3
10534,bg,1,ce,1
10535,ci,1,aa,4
10536,cj,2,ci,2,bg,4
10537,ce,4,ad,2,aa,1,bg,2
10538,ci,2,aa,1,ch,1,ac,3,cj,1
10539,ce,2,ci,6,ch,1,bg,4
10540,bg,2,cj,3,bd,2
10541,ch,1,cj,2,ci,3,aa,1
10542,cj,1,ch,3,ce,3,aa,1
10543,ci,1,bh,3,aa,4,bg,3,af,1
10544,bg,2,ci,2
10545,aa,2,ab,2,cj,1,ch,2
10546,ci,5,ce,1,cj,1,aa,3
10547,aa,3
10548,ca,2,ch,5,ci,1,cj,1
10549,ch,2
10550,ce,4,ca,3
10551,ci,3,bh,3,ch,1,cj,1
10552,ce,2,aa,1,cj,3
10553,cj,2,aa,4
10554,cj,2
10555,ce,6,aa,1,ch,2,ci,1
10556,bg,4,cj,1,ci,3,ce,1
10557,ce,3,ae,2,ci,2,ch,3
10558,aa,1,cj,2,ce,4,ci,3
10559,ci,3,cf,2,bg,2
10560,bg,4,cj,1,ad,1
10561,ai,1
10562,ce,5
10563,cj,1,ce,1,ci,1,bg,3
10564,cj,3,bj,2,ce,1
10565,ch,1,cj,2
10566,aa,1,bg,2,ch,1
10567,ce,1,ch,3,cj,1,ci,3,bg,4
10568,ce,1,ch,2,cj,1
10569,ag,1,bd,2,aa,1,bg,4,ci,2
10570,ch,3,ce,6,cj,2
10571,ci,4,ch,3,bg,4,aa,1
10572,ci,3,ch,1,ce,1
10573,ch,1
10574,aa,3,ci,2
10575,aj,1,ce,2,cc,1
10576,cj,2
10577,ce,1,aa,4,cj,2,ch,1
10578,cb,4,bg,4,ci,3
10579,ad,4,aa,1,ch,3
10580,cj,2,bc,1
10581,af,2,cj,2
10582,cf,4,ce,1,bb,3
10583,bg,1,cj,1,bi,3,ab,2
10584,cj,4,ci,1
10585,ce,4,cj,4,ch,1
10586,aa,1,ch,3,bg,5
10587,bg,1
10588,cj,2,ce,2,aa,4
10589,ca,5,ce,3,bg,2
10590,ch,2,ci,4,bg,2
10591,bi,2,bg,1,ce,3,aa,2
10592,bj,2,ag,3,ce,3,bg,3
10593,ch,2,ce,1
10594,bg,1,ba,1
10595,aa,3,cj,1,cd,3,bg,1
10596,ce,3
10597,cb,3,ci,1,aa,2,ai,4,bg,6
10598,ch,1,aa,1,ci,2
10599,ch,1,cf,2,ce,1,ab,1,aa,2
10600,aa,1,cj,1
10601,bh,1,ce,1
10602,ch,3,aa,5
10603,bd,3,cj,1,ba,1,ci,2
10604,ci,2,bg,3
10605,ci,1,cj,1,ch,2
10606,bg,3,ce,3,cj,3,af,3
10607,ba,2,ce,1
10608,ci,1,cj,1,aa,3,bj,1
10609,aa,4,ae,1,bg,1,cj,1
10610,ci,3
10611,ch,1,ce,1,cj,2,ad,3
10612,ba,3,ci,1,ch,4
10613,ci,3,ch,3,cj,2,af,1
10614,aa,1,bh,3,ag,3
10615,ci,2,ch,1,bg,2
10616,ci,5
10617,ca,3,ae,3,ai,2
10618,bg,2,ci,3,cb,3
10619,bd,3,bg,2,cg,1,ag,1
10620,cg,2,bg,4,ce,4,cj,1
10621,cd,1,bi,3,cj,2
10622,cj,1,ch,2
10623,bd,2
10624,ca,3,bg,3,cj,1
10625,ci,1,ag,1,cj,2,bc,1,bd,1
10626,ci,1,aa,2,cj,1,bh,2,bg,4
10627,ah,1
10628,bh,2,ca,5,aa,2,ci,3
10629,aa,2,bg,1,ab,3,ci,2
10630,cj,2,bg,5
10631,cj,1,aa,1
10632,ch,2,ca,1,ce,3
10633,ch,2,cd,1,cj,3
10634,ch,1,ci,1,aa,3,bg,5
10635,bi,3,ch,5
10636,bg,3,bf,2
10637,bg,1
10638,be,1,aa,2
10639,aa,1,ci,1,ch,1,ce,1
10640,cj,2,aa,2
10641,ce,3,cg,1,aa,3
10642,aa,3,cj,2,ch,1
10643,bi,4,ce,1,bd,2,aa,1,ci,2
10644,ce,1,aa,3,ci,4,ad,1,ch,1
10645,aa,3,ci,1,cj,1,ag,3
10646,ci,2
10647,bg,1,cj,1
10648,cj,1
10649,ch,3,bg,1,ci,1,ac,1
10650,ci,3,ch,3
10651,bg,2,ch,4,cj,1,aa,1
10652,ca,1,cc,2
10653,ah,2,ci,2,aa,2,ch,1,cj,1
10654,ci,2,bg,2,ce,3,cj,1
10655,ba,1,cj,1,ch,1
10656,ce,2,cc,1,ad,2
10657,be,1,ci,7,cb,1
10658,ch,1,bg,3,bc,1,aa,3
10659,ch,3,aa,1,cd,5,ad,2
10660,ch,2,ce,1,aa,1,bd,2
10661,ci,3,bg,1,ce,1
10662,bg,5
10663,ce,1,aa,2
10664,aa,1,bg,1
10665,bg,3,bc,3,ch,2
10666,ch,1,bg,1,ag,2,bb,4
10667,ch,2,bg,1,ci,2,aa,1,cj,1
10668,aa,4,ch,2,ci,3
10669,ce,7,cb,2,ch,6
10670,ce,4,aa,2,cj,2
10671,ce,2,bg,2,ch,2,ci,4
10672,ch,2,aa,2
10673,af,2,bg,2
10674,ch,2
10675,cj,1,ch,2
10676,ci,2,ch,1,cj,1,ce,2,aa,2
10677,ch,3,ci,5,ce,2
10678,cj,1,ci,2,cg,1
10679,ce,2
10680,bg,2,cj,1,ch,4
10681,aa,1,ce,5,cj,2,bg,4
10682,ch,6,ci,1,ce,2
10683,bg,3,ce,1
10684,aa,3,cj,1,bg,2
10685,bf,5,aa,2,cc,1
10686,cj,1,aa,1,ad,2,bc,2
10687,aa,3,cj,3
10688,cj,1,cb,1,bb,2,ce,4,aa,2
10689,cj,1,ch,2
10690,ci,2,ba,2
10691,bi,4,ci,2,cj,1,bg,3
10692,aa,1,ch,2,ae,2
10693,ch,2,aa,3
10694,ch,1,ce,4,aa,2
10695,ca,1
10696,ci,2,bg,2,ce,4,cj,2,aa,1
10697,ai,1,cj,2,ch,1
10698,aa,3
10699,cj,1,ch,4
10700,ch,3,bg,4,ba,1
10701,aa,2,bg,1,ci,3,cj,1
10702,cj,1,ce,1,ch,1,aa,3
10703,ai,1
10704,af,1,ce,1,ch,1
10705,ad,2,cc,1,ac,2
10706,bg,4,aj,4,ci,3,ch,2
10707,ch,4,bg,2
10708,bg,2,cj,3,bb,3
10709,cg,1,bg,4,ce,2,cj,1,ag,1
10710,cj,2,cd,4,bg,2,ch,1
10711,bg,5,ci,3,cj,1
10712,aa,5,bg,1,ci,2
10713,aa,3,ce,1,ci,2
10714,ch,1
10715,cg,3,cj,3,aa,1
10716,ci,2
10717,aa,2,ci,1
10718,be,2,ci,2,bg,1,aa,4
10719,ca,4,cg,2,ch,3
10720,cj,1,ch,1,aa,2
10721,cj,3,bg,2,ae,2
10722,bb,1,ac,3,bg,3,ci,2
10723,cj,2,ci,1
10724,cf,1,ci,3
10725,ca,1
10726,ci,1,ce,3,aa,2,cj,1,ch,2
10727,ci,2,ch,2,bf,2,cj,1
10728,ch,4,aa,2,cf,1
10729,ce,4,bj,1,cj,4,bg,1
10730,ab,3,cj,2,aa,1,ce,1
10731,ci,4,ch,1,ce,3,bh,2,bg,2
10732,cb,2,cj,1,ci,2,aa,1
10733,cg,3,aj,1,ch,4
10734,cb,4,ch,1,ci,1,cj,1
10735,ch,1,bg,3,cj,2,ab,2,aa,1
10736,cj,1,ce,4,ch,1,bb,1
10737,bg,2,aa,1
10738,ac,3,aa,2,cj,2,bf,3
10739,aa,2,ce,3,ab,3
10740,cj,1,ci,1,bg,1
10741,ch,3,cj,2,ce,3,bg,2
10742,bg,1,ch,3,ci,3,cj,2
10743,ci,6,aa,2,ch,2
10744,cj,2,aa,2,ce,4,ab,1
10745,cd,3,cj,2,ad,2
10746,ci,1,bg,2
10747,ah,5,ch,2,aa,4
10748,bg,3
10749,aa,1,ci,5,cj,1,cg,2
10750,ai,2,ch,3,ce,2
10751,aa,3,ci,4
10752,cj,1,ch,1,ba,1,cb,4
10753,af,3,ab,1
10754,ch,1,ci,1
10755,ch,1
10756,aa,3,bg,4,ce,2,ch,3,bf,2
10757,aa,5,cf,1,bg,3,ai,1,cj,1
10758,ce,1,aa,2,ca,1
10759,ci,2,ch,1,ba,1,bi,1,ce,3
10760,cj,2
10761,ce,1,aa,3,ab,3
10762,ch,3,bg,1,cj,1,ai,2,ce,1
10763,bg,2,ce,1,bh,2,cj,1
10764,aa,3,cj,3,ah,1
10765,ch,2,ac,1,ci,1,cj,3
10766,aa,2,bg,2,ci,1,ce,3,cj,1
10767,ci,1,bf,2,ch,3
10768,bg,1,aa,5,ce,3,cj,1
10769,ci,2,bj,1,ch,1
10770,ch,3
10771,aa,3
10772,ci,2,ch,2,ce,1,aa,2
10773,aa,2,ch,1,ci,3,ce,2,ac,2
10774,ag,1,cb,1,aa,2,bg,1,cj,1
10775,bg,1,ce,3,cd,1
10776,ch,1,aa,2,bc,2,cj,1
10777,ch,2,ce,3,bg,6
10778,ag,2,bc,2,cf,2
10779,bg,4,ci,1,cj,1,ce,1,ch,1
10780,bg,5,ci,1,ch,3
10781,ce,4,ch,1,ab,3,aa,1
10782,ch,2
10783,cb,3,cj,1,ce,1,af,2,bg,1
10784,ce,2,ci,1
10785,ci,4,bg,3,cj,1,ac,1
10786,ce,1,bj,1,ch,1,cb,2
10787,ch,2,ce,5,ci,3,cg,1
10788,ch,2,ci,2,aa,1,ce,4
10789,bg,3,aa,1,cj,1,ch,3
10790,bg,1
10791,ce,5,bg,1,ci,1,ch,2
10792,bg,3,ci,1,ch,2,ce,4,aa,4
10793,cj,1,ch,1,ci,2,aa,1
10794,ch,1,cd,2,aa,4
10795,aa,3,ci,2
10796,aa,4,cg,4,ci,1
10797,cj,1,cg,3,aa,1,ci,1,ch,1
10798,ce,1
10799,ci,2,cf,1,cj,2,bc,2
10800,ch,1,bh,1,cg,1,ci,2
10801,ch,2,ci,1,cj,3
10802,ci,1,bi,4
10803,ci,2,ce,4,ch,2
10804,ch,2,bg,2,cg,3,ce,3
10805,aa,1,ag,2,ci,2
10806,ch,2,cj,2,ce,1,bg,2,ci,2
10807,ac,2,ch,3,cj,1
10808,cj,3,ch,2,bg,3,ci,1
10809,ci,3,af,1,aa,2,cf,3,ba,1
10810,ce,4,ch,1,bg,2,cj,2
10811,cj,1,bg,2
10812,cj,1,aa,1,ch,4,cb,2
10813,cj,3,bc,1,aa,2
10814,bg,4,ci,2,cj,2,aa,3
10815,ch,4,bg,2,bb,3,ce,2,ah,1
10816,bg,2,ci,1,aa,2,cj,3
10817,cj,1
10818,ci,2,cj,3,bi,5
10819,cj,1,ch,2,aa,1
10820,ci,3,aa,1,bg,1
10821,ce,2
10822,bg,3,ci,1,ce,2
10823,ce,2,ci,1
10824,bh,1,cj,2,ce,2,bj,1,bb,2
10825,be,2
10826,ce,4
10827,aa,1,bg,2,ch,2,cj,1
10828,ci,1,ce,2,ch,2,aa,1
10829,aa,1,cg,3,ch,3
10830,cj,1,ce,1,bc,2
10831,ac,2,ce,2
10832,cj,2,bd,1
10833,ag,2,ce,2
10834,ch,3,bg,2,ag,3
10835,ci,3,cj,1,ce,1,bg,3
10836,ch,2,ce,1,bg,1,aa,3
10837,cj,1,ce,1,ai,4,ch,1,bg,4
10838,ci,1
10839,ce,3,ah,1
10840,ah,1
10841,ci,3,bf,4,cj,2,aa,1,ce,1
10842,bd,4,cj,1
10843,bd,2,aa,4,bg,2
10844,ca,4,ch,1,cc,4,aa,3
10845,ce,3,ci,1,aa,4
10846,ch,3
10847,ch,3,ci,3
10848,ci,2
10849,ci,1,cj,1
10850,cc,2
10851,cj,1,bg,3
10852,cj,2,bf,4
10853,bg,2,be,1
10854,aa,3,cg,2
10855,ch,2,ci,1
10856,ch,1,ci,2,bg,4,cj,1
10857,bg,1,ch,1
10858,aa,2,bg,4,ci,1,be,3
10859,aa,6
10860,ch,1,ab,2,ai,3
10861,ci,1,cj,2,bg,3,ch,3
10862,ch,4,ab,1,bg,3,ci,2,aa,1
10863,aa,3,bg,3,ce,1,cj,2
10864,ch,2
10865,ci,1,ce,1,ch,4,bg,4
10866,cj,2,bg,3,ai,3,ch,1
10867,ag,1,ch,1,ce,4
10868,ab,1,ch,3
10869,ce,1,bd,2,ci,2,ch,2,aa,1
10870,ac,1,bb,1
10871,aa,3,cj,2
10872,ci,2
10873,cj,2,bh,1
10874,ci,3,ce,1,bj,3
10875,ci,1
10876,aa,3,ad,2,ci,4,cj,1
10877,aa,2,ch,2,bh,1,cj,1,cd,1
10878,ci,1,ce,1,ch,2
10879,ce,2,aa,1
10880,bg,2,cj,2,ch,3,aa,2
10881,ch,3,be,1
10882,bi,3,af,1,bg,3,aa,1
10883,ce,3,ch,2
10884,ch,2,cd,1,bh,1
10885,bg,2,aa,1,ch,1
10886,ba,3,bi,1
10887,aa,2
10888,bg,1
10889,ch,1,ci,1,cj,1,be,2,aa,1
10890,ch,2,ce,1,ci,3
10891,bg,3
10892,cj,3
10893,aa,1,ce,1
10894,bg,2
10895,bg,1,ca,2,bd,1
10896,ch,1,ci,2,cj,2,ce,3,cg,1
10897,ch,1
10898,aa,1,ce,4
10899,ch,2,cj,1,bg,2,ce,4,ai,4
10900,cj,2,aa,1,be,1
10901,bg,1,bj,2
10902,ce,2,ci,1,cj,1,aj,1
10903,bg,2,ci,4,cj,2
10904,ci,1
10905,bg,2,cj,2
10906,cg,1,ci,3,cj,1,aa,1
10907,ci,2,ch,3,aa,2
10908,ci,6
10909,ch,3,ci,1
10910,ch,2,aa,1,cj,2
10911,bg,1,ch,4,aa,1,ci,1
10912,cj,3
10913,bh,2,bg,1,ch,4,ab,1
10914,ch,3,aa,1,ci,2,bg,2,cj,1
10915,aa,4,cc,1,ci,4
10916,cb,1,aj,2,ch,3
10917,cf,4,ch,2,ce,1,aa,1
10918,cj,3,cg,3
10919,bg,2,be,1,cj,2
10920,cf,3,cj,2,bg,2
10921,bf,1,ch,3,bg,2
10922,bg,1
10923,bg,2,ce,4,bf,2
10924,ad,1,bg,2
10925,ch,1
10926,ch,2,bg,2,cj,2,cg,2
10927,cj,2,ci,2,ch,2
10928,aa,2,bg,3,ce,2,ci,1
10929,ca,2,bg,1,ce,4,aa,1
10930,ba,4,bg,2,cj,1,ci,4
10931,ci,2,ce,2,bg,2
10932,aa,2
10933,ce,1,ci,4,ad,1,bc,1,cj,1
10934,ce,1,ch,1
10935,ab,1,bb,1,cj,4,bg,1
10936,bg,1,ce,1,ci,3,aa,1
10937,bj,1,aa,3,bg,1,ce,4,cj,1
10938,bg,4,ch,1,ae,3,ag,2
10939,ci,3,bg,2,cj,1,bd,1
10940,ci,1,ch,3,ce,2
10941,bg,2
10942,ci,2,ba,3,af,1,cj,2
10943,bg,1,ch,1,aa,2,ce,4
10944,ci,1,ch,2,aa,3,cj,1
10945,cj,3,ch,1,ci,1,ce,1,bg,4
10946,bg,1
10947,ce,1,aa,4,bg,2,cj,2
10948,aa,2,cj,2,af,1
10949,ch,1,aa,4,ce,4
10950,ci,2,cj,4,bg,3,ce,3
10951,ch,1,ci,1,ce,2
10952,bg,2,cj,1,ch,2,bc,2,ce,2
10953,aa,1,cc,2
10954,ah,3
10955,cj,2,ch,1,ce,1,bg,3,cb,1
10956,ch,3,af,1,ci,1,bg,5
10957,ai,2,cc,3,ce,3,aa,4
10958,ce,2,ch,2
10959,ce,1,ci,1,ch,1,bj,1,aa,2
10960,cj,1,ch,1,ce,3,ca,2,bg,3
10961,cj,1,ch,1
10962,ch,1,aa,1,ci,1,cj,2,bg,1
10963,aa,1,cj,4,ch,1,bg,1
10964,bg,4,ac,3
10965,cj,3,aj,1
10966,cj,3
10967,cj,1,ch,5,ce,3
10968,aa,1,cg,1,ch,1,cj,1
10969,ci,4,ch,2
10970,ch,2,bg,4,ci,3
10971,ci,2,cg,1,cj,1,aa,1
10972,ch,1,aa,1,ci,1
10973,ch,5,ce,1,ci,5
10974,bg,1,aa,5,ch,2,bi,5
10975,cj,1,ch,1,ci,2
10976,ch,4,ce,3,ci,3,cj,1
10977,ci,1,ch,1,cj,1,ce,5,ab,2
10978,aa,2,bg,4,cj,2,ci,1
10979,ch,1,ce,1,bg,2,aa,1
10980,bb,3,aj,1,ci,3
10981,bb,5,aa,2,bg,1
10982,cc,3,ch,1,ce,3,bg,2
10983,bg,5,cj,2,aa,2,cb,2
10984,aa,1,ci,3,be,1,cj,1
10985,ce,2,cj,1,ch,4,ci,1
10986,ae,1,bg,1,cj,1
10987,ab,1,ce,2
10988,bg,1,ah,1
10989,ci,1,ce,1,ca,4
10990,ci,5,aa,1,ce,2
10991,ce,2,bg,1
10992,cj,1,bi,2,bg,2,ch,1,ci,2
10993,ch,2,bg,1,aa,1,ci,1,cj,3
10994,ce,4
10995,ch,3,cj,1
10996,bc,3,aa,2,cd,2
10997,ce,1,bg,1
10998,ce,2,ad,4,cj,1
10999,ci,1,ad,2
11000,bg,1,cg,1,cj,4,aa,1
11001,cj,1,ch,2,bg,2
11002,ch,1,cj,1,ce,3
11003,ci,2,cj,3,bb,1,aa,2
11004,ci,2,cj,3,ce,4
11005,cj,2,ci,3,ce,5,aa,1
11006,ch,5,aa,1,bg,2,ci,2
11007,cj,3,ch,2
11008,ab,1
11009,ch,4
11010,ce,1,cc,4,cj,1,ci,2
11011,ba,1,ch,2,bg,1,cj,2
11012,ch,3,ci,1,ce,2,cj,2,bg,3
11013,af,1,bb,1,ci,3,ch,1
11014,aa,1,ch,3,ci,6,bg,2,ce,1
11015,bg,2,ci,3,cj,3,ch,1,ce,2
11016,ci,2,cj,1,ch,1,aa,2
11017,cj,4,ce,2,bi,2
11018,ca,1,ce,2,cj,1
11019,aa,1,ch,4,cj,1,bg,2,cb,1
11020,aa,1,bi,2
11021,ce,3,bg,2,ch,1
11022,bg,1,ae,5,ca,1
11023,bg,3,ch,4,aa,1,ci,2
11024,cj,2,ad,2,ch,4
11025,ae,2,ci,2,ce,4,ch,2
11026,aa,4,ci,1,ch,1
11027,cj,2,cc,5,aa,1
11028,ch,1,bg,1,cd,4
11029,ca,1,cj,1,cb,1
11030,ci,2,ch,2,bg,3,bf,3,cj,1
11031,cc,5
11032,ci,1,bg,1,ch,3,cj,1,ce,1
11033,ce,1,aa,1,ci,4,ch,2
11034,ci,2,aa,2
11035,aa,2,bb,1,ce,1,cj,2,ad,1
11036,ad,4,ch,3,cg,1
11037,ch,3,ah,1,aa,1,ce,1
11038,aa,2,cj,4
11039,ci,6,bg,1,ch,2
11040,ci,2,ch,3
11041,cj,2,ch,1,ci,1,aa,1
11042,bg,1,cj,3,ch,2
11043,ce,2,ci,2,cg,4,aa,3
11044,ce,3,be,2
11045,cj,2,ch,3,ci,1,ce,2,aa,1
11046,ch,1,bg,3
11047,cc,1,ci,2,cj,3,ch,1
11048,cj,1,ce,3,aa,1
11049,ci,1,cf,3,ca,5
11050,ch,1,bc,1,ce,2
11051,aa,1,ah,3,ci,5,cd,2
11052,aa,3,ce,2,ad,2,ch,1
11053,aj,2,cg,2
11054,ci,1,ca,3,bj,1
11055,cj,4
11056,ag,1,cc,1
11057,cj,3,aa,1,bi,1,ci,3,ce,3
11058,cj,4,bg,2,ce,1
11059,cj,2,cd,1,ce,2
11060,ac,4,aa,1
11061,ce,3,bg,4
11062,ce,2,ci,2,cj,4,bg,2
11063,ad,1,ce,2,cj,3,ch,1,bg,1
11064,cj,2,ci,3
11065,bd,2,cj,1,ai,1,bg,3,ci,1
11066,cj,2,ch,1,ce,5,aa,3
11067,be,2,ba,1,aa,2,cd,2,ci,3
11068,bi,5,ch,1
11069,aj,2,cj,1,cb,4,ci,1,ag,2
11070,cj,1,aa,1,ci,4
11071,ci,3,ch,2,ce,4,cj,2,ba,1
11072,ch,1
11073,ch,1,ci,3,ce,2,ai,3
11074,aa,3,bg,3,ci,1,aj,1
11075,ch,2,bg,1,ci,2,ce,2
11076,ci,2,ch,2,cj,1
11077,aa,3,ca,1
11078,bg,3,ch,3,ah,3
11079,cj,2,bh,2
11080,cj,2,ce,1,bg,6,aa,1
11081,bg,2
11082,ch,3,be,1,af,2
11083,ci,2,bg,2,ai,1,ce,5,ad,2
11084,cj,1,ci,2,bg,3,bj,1
11085,cj,1,ch,2,ci,4,ai,1,aa,2
11086,bg,2,bi,3
11087,cj,3,cd,2,ce,1
11088,bg,1,cj,4,ce,1
11089,ab,1,bg,3,aa,3
11090,ci,1,aa,2
11091,bg,4
11092,ce,1,bg,3
11093,cj,1,ac,2
11094,ch,1,ce,1,bg,4,ci,4
11095,ab,2,ch,1
11096,bj,1,aa,2,ch,3,bg,2,ci,1
11097,ce,2,ca,6,ci,2,cj,2
11098,ce,2
11099,ch,2,aa,3,cd,1
11100,ch,1,ce,1,aa,1,ci,1
11101,cj,1,aa,5,ci,1,ce,3
11102,cj,1,cg,1
11103,ce,1,aa,7,ah,1,ci,2
11104,ci,3
11105,aa,1,ce,4,cj,1,ci,3,ch,1
11106,ci,1
11107,ce,2,ch,1,cj,2,aa,3
11108,ce,2,ch,2,aa,1
11109,cj,2,aa,1
11110,bd,3,ad,2,ce,1,ca,2
11111,ac,3,be,2,ci,3
11112,ce,1,bh,1,bg,3,aa,1
11113,ci,1,aa,2,cc,1,cj,1
11114,ci,1,ch,2
11115,cj,2,bg,2,ci,1
11116,ch,1
11117,bg,1
11118,aa,1,cj,2,ce,5
11119,cj,2,ce,2,ch,2,aa,1,bd,1
11120,bj,1,aa,3,cj,1
11121,ch,1,ce,1,ci,2,ac,2,bg,2
11122,cc,1,cj,2,ci,4
11123,aa,4,ad,1
11124,ce,3,bh,3,aa,1,bb,4
11125,aa,1,cb,1,ce,1,cj,1,ch,4
11126,bh,1,aa,1,cj,3,bg,3
11127,ce,1,ch,2,ci,2,bj,1
11128,ce,3,ae,3,cj,1
11129,bg,2,cb,2,cj,1,ci,3
11130,ch,2,cj,2,ce,2,aa,1,ag,1
11131,ci,1,ce,2,bj,2,ch,2
11132,ci,2,cc,3,bg,2,ae,1
11133,cj,3,ci,3,ce,2
11134,aa,1,ch,3
11135,ce,2,bg,2,cf,1,cj,2,ab,3
11136,aa,2,ad,1,bg,1,cj,3
11137,aa,1,ci,1,bg,2,ag,4,ch,1
11138,ce,7
11139,cj,1,aa,2,ci,1,cd,1
11140,ch,1,bg,3,af,2
11141,aa,1
11142,aa,4,cj,3
11143,cj,1,ci,1,ag,2
11144,af,1,bd,1,ch,2,ce,3,ba,2
11145,bi,1,ad,3
11146,ch,1
11147,ae,2,ch,4,ci,1
11148,aa,5,ch,1
11149,ce,1,cj,2
11150,ce,1,cj,3,bd,2,ci,1
11151,ba,2,aj,1
11152,ce,6,bg,2,ch,4,ci,2
11153,aa,2,cj,3,ci,2,bf,1
11154,cj,1,be,1,bg,1
11155,aa,2,cj,2,ch,2,ce,2
11156,cj,2,ce,2,ad,4
11157,aa,2,ag,2,ci,1
11158,bg,3,cj,3,ch,1,ce,1
11159,ce,2,bg,1,aa,3,cj,1
11160,cj,3,ce,2
11161,bi,1,ch,3,bg,2,be,2
11162,cg,2,af,4
11163,cj,1
11164,af,2,ch,1,ci,1
11165,cj,2,ce,2,ci,3,ch,1,bg,4
11166,ci,1
11167,bi,4,cb,1,bg,2,ch,2,ce,1
11168,cd,2
11169,ch,1,bb,6,cj,2
11170,bd,1
11171,aa,1,cj,2,ag,2,bh,2,bg,2
11172,bg,4
11173,bg,2,ci,2,cd,2,cj,2
11174,bg,2
11175,cj,3
11176,cj,2,ch,1,ci,5
11177,bg,1,ci,2,ce,2,aa,3
11178,aa,1,bg,4,ci,4
11179,ce,2
11180,aa,4,ci,2,cj,2,ce,4
11181,cg,2,bg,5,bd,2
11182,ci,2,cj,2,ch,2
11183,cj,2,ci,1,aa,4,ah,1
11184,aj,2,cj,1,ch,3,ci,2,bg,4
11185,ba,4
11186,ag,1,cd,1,bg,1
11187,ce,1,cj,3,bg,3
11188,ci,2,cj,1
11189,ci,3,ca,1,bg,2,aa,2,cc,1
11190,ch,1,cb,1,bg,3
11191,bd,1,ch,2,ce,3,aa,3,cj,1
11192,ci,2,aa,2,ch,2,cj,2,bg,2
11193,ci,1,bd,2,bi,4,bh,3,ce,3
11194,ch,3,cj,1
11195,bg,1,bc,1,ad,1
11196,ch,4,ce,1
11197,aa,1,ce,1
11198,ci,1,aa,4
11199,ci,1,cj,3
11200,ch,1,aa,2,bg,1,bh,1,cj,1
11201,aa,3,cj,3
11202,ci,1,ch,2,cd,4,ce,4,cj,2
11203,ci,1,ce,2,bd,2
11204,aa,5,ce,1,ci,4
11205,ce,1,cj,1,bb,4,ci,2
11206,cj,5
11207,ch,3
11208,ci,3,cj,3,ba,2
11209,cb,2,ai,2,cj,2
11210,ce,2,aa,2,bg,2,ac,2
11211,ch,3,ce,2,cb,1,bg,1
11212,cj,2,ce,3,bc,2
11213,ce,5,cc,3,ch,1,ci,4
11214,ci,2,bg,2,ch,1
11215,ci,2,cj,2
11216,ce,3,cj,1
11217,cc,1
11218,ci,2,ch,1
11219,cj,4,cc,1,aa,1,ce,2
11220,aa,3,ci,1,bg,2
11221,ce,1,bg,1,aa,1
11222,bg,1,cj,1,ci,2,ch,1
11223,aa,3,ci,2,ce,1,cf,1
11224,ce,3,cj,5,bb,1
11225,ch,2,ag,2
11226,ba,3,ce,1,bg,2
11227,ca,2,ce,3
11228,cj,3,ce,3,ch,2,cb,1
11229,bg,5,cg,3,aa,2,ci,2
11230,ci,2,aa,3,cj,2,ch,1
11231,be,1,ce,4
11232,bc,2,cj,3
11233,cj,4,bg,1,ch,2
11234,cj,1,aa,2,bg,1,ai,2,ch,3
11235,bg,1,cj,1
11236,be,1,aa,2,cj,2
11237,aa,2,ce,4,ch,2,bg,4
11238,bg,4
11239,ca,4,ci,2,aa,1
11240,ad,2,bg,3,ch,1
11241,be,2
11242,cj,1,aa,1,ch,3
11243,ch,3,bg,2,ci,1,aa,2
11244,bg,3,aa,1,bf,3,ch,2
11245,bg,3,ce,3,aa,2
11246,cj,1,ba,2,ch,3
11247,ab,1,ce,2,ch,1
11248,bg,1,ci,3,aa,2,cj,1,ce,2
11249,ch,3
11250,aa,1,bd,2,ce,1
11251,aa,1,bc,2
11252,aa,3,aj,4,bg,3,cb,2,ch,3
11253,cb,1,af,2,ci,2
11254,cf,1,ci,4,bg,2
11255,ch,1,ce,6
11256,ce,2
11257,bg,4,aa,2,cj,3
11258,bg,3
11259,ch,1,cj,1,ba,4,bi,2
11260,aa,1,cj,1,ci,2
11261,ch,4,aa,1,bg,3
11262,ce,2,ch,4,cj,2,bb,1
11263,ch,2,bg,4,ce,3,ci,2
11264,ce,1,ci,2,aa,2
11265,ce,3,aa,1,ad,1,cj,1
11266,aa,3,ci,1,ac,3,bj,1
11267,bg,4
11268,ch,4,ce,1,bh,3
11269,ce,5,cj,2,cb,3
11270,ce,1,ci,1,cj,1,aa,2
11271,bg,2,ci,1
11272,cj,1,ce,1,bd,3,bg,3
11273,ci,4,ac,2
11274,ci,1,cj,3,ab,1,aa,1,ch,1
11275,aa,2,ce,2
11276,ce,1,ci,1,ch,3
11277,bg,2,ah,1,af,2,ch,2,cj,2
11278,bg,1
11279,ci,4,bg,2
11280,ai,3,ci,1
11281,ce,1,bg,2,cj,1,ba,1
11282,cb,3,ag,1,bg,4,cj,2,ch,1
11283,cj,3
11284,bi,2,bg,4,cj,3
11285,bg,2,aa,4,cj,1
11286,aa,1,ce,5,af,1
11287,aa,3
11288,cj,1,ch,2
11289,aa,3,aj,1,ch,2
11290,cj,2,ch,1
11291,ch,6,bj,1,bi,1
11292,ci,1,ce,2
11293,ch,2,ce,8,bg,3,cj,2,ag,2
11294,ca,1,cj,1,aa,3,ch,2
11295,ci,3,ch,1,aa,1
11296,ce,4,cb,4,bg,5,ci,2
11297,bg,1,ag,4,ci,2
11298,ad,1
11299,aa,2,ch,1,cj,1,ci,3,bg,3
11300,ce,3,ae,2
11301,ce,2,ci,3
11302,ch,3
11303,cj,5,ce,1,bg,5
11304,ac,2,ch,2,ad,3
11305,ch,1,ce,1
11306,ci,1
11307,bg,2,ac,3,aa,2,ch,2,ci,1
11308,ce,3
11309,ce,1,cj,4,ci,2
11310,ch,1
11311,ci,2,ce,1,cj,2,ch,2,aa,2
11312,ch,1,cj,3,bc,1
11313,bg,1,ce,3,aa,1
11314,bg,1
11315,bg,3,ci,3,aa,4,ch,1
11316,ah,3
11317,bj,3,ce,1,ci,1,bg,3
11318,cj,2,ce,4,ch,1,ca,1,aa,2
11319,ch,1,cj,1,cg,4,ci,2
11320,cj,2
11321,ci,1
11322,ch,2,bh,1,cj,1,cb,1
11323,cj,1,bg,3
11324,bg,2,cj,2,bf,2,ci,3
11325,bg,2,ce,4
11326,ch,1
11327,bg,2,ae,3,ch,3
11328,cj,1
11329,aa,3,ci,3,cj,1
11330,ce,2,aa,1,ch,6
11331,bg,6,bd,2,ch,3,ah,3
11332,ch,5,ci,1,ca,2,ce,3,bg,1
11333,bg,5,ci,2,aa,1,cj,3,ce,1
11334,ch,1,aa,4,ci,4
11335,ci,1,aa,2,cj,3
11336,ci,1
11337,bg,1,ci,4
11338,aj,5,bg,5,aa,3,cj,1
11339,be,2,cj,2,aa,1,bg,2
11340,ac,3,cj,1,ch,4,ce,4
11341,aa,5
11342,cj,4,aa,2
11343,ci,5,bg,1
11344,cb,1,aa,3
11345,aj,1,aa,3,ce,1
11346,bh,3
11347,ce,1,ch,1
11348,af,1,ch,4,ce,2
11349,cj,1
11350,aa,1,bi,2,ac,1,cj,3,ce,7
11351,cc,2,ci,3
11352,bg,2,ch,2
11353,bg,1
11354,cj,2,ch,5
11355,ch,2,cj,1,ce,1,aa,1,bd,2
11356,ba,2,ce,2,cj,2,bg,2
11357,ch,3
11358,cj,2,bg,2,ce,3
11359,ci,4,aa,1,ce,1
11360,ab,2,bc,1
11361,ca,2,bf,1,aa,4,cj,1
11362,ci,4,ch,3,cj,2
11363,bg,6,ah,1,ci,5
11364,ci,1,ce,4
11365,ch,2,bg,2,aa,3,ce,2
11366,cj,5
11367,ch,1,aa,1,bg,2,ai,3,cc,2
11368,ah,2,aa,1,bd,1
11369,cj,2,ch,5
11370,cj,4,ch,1,aa,1
11371,ci,5,bc,2,cg,2
11372,ce,2,aa,1,ac,2
11373,aa,3,af,2,bg,3,ah,3
11374,ci,1,ch,4
11375,ce,4,ch,1
11376,aa,2,be,1,bg,1,ch,2
11377,aa,3,ae,2,bg,1,ci,1
11378,ae,4,cb,1
11379,aa,2,ca,4,ci,2,cj,2
11380,cj,2,ci,1
11381,ci,1,cd,1,cj,3,ch,2,bg,1
11382,ch,5,aa,2,cd,2
11383,ce,2,ch,1,ab,2,ci,2
11384,ci,4
11385,ch,2,cj,2,aa,1,ci,1,bg,5
11386,ag,3,bg,4
11387,bg,3,ch,1,aa,1,ci,3,cj,2
11388,ci,1,ce,1,ch,2,aa,5
11389,bg,2,ae,3
11390,aa,2,ag,1
11391,bg,1,cj,2,ci,1,ce,4
11392,cj,1
11393,bg,1,aa,3,ch,1,ce,1
11394,aa,4,cj,1
11395,ch,2,bj,1,aa,1
11396,ch,2,cj,2,aa,2,ba,1
11397,bg,1
11398,ci,3,ch,4,aa,2
11399,af,3,ce,2,ci,2
11400,ci,2,bg,2
11401,ci,1,bg,2
11402,ce,2,aa,1,cj,1
11403,ci,2,cj,2,bg,2,aa,2,be,1
11404,cf,3,bf,1
11405,ci,1
11406,cj,2,aa,3,ce,1
11407,aa,1,ce,1,ch,2,ci,1
11408,ci,2,bg,1
11409,bg,1,bh,1
11410,aa,1,bg,6,ba,1
11411,ch,1,aa,2,bg,3,cj,1
11412,ch,1,aj,1,ce,3,cj,2
11413,cj,1,aa,4,ci,1,bg,2
11414,bc,1
11415,cj,1,ce,1,aa,1,ch,3
11416,ce,3,cj,1,aa,3,ch,1
11417,ce,1,ch,1,cj,3,bg,1,aa,2
11418,aa,1,bg,2,bd,3
11419,ch,2,ad,1,cj,3
11420,cj,2,bg,1,bf,1,ce,3,cf,2
11421,ce,3,af,1,ba,5
11422,bb,1,cj,2,ci,2,aa,1
11423,ci,4,bg,3
11424,ch,3,ci,1,bf,5,aa,1
11425,cc,2,cj,2
11426,aa,1,ce,1,cj,1
11427,aa,2,cj,3,ae,1,ci,2
11428,ci,1
11429,ce,2
11430,ci,2,cj,1
11431,ce,2,ag,2,bg,4
11432,ae,1,ch,3,ci,5
11433,ce,2,cj,2,bg,2,ah,1
11434,aa,2,ch,1,bg,4
11435,cj,2,ce,3,aa,1,bf,2
11436,aa,2
11437,ca,4,bb,3,ci,2,ch,2,cf,1
11438,cj,3,aa,1
11439,cc,2,ce,1
11440,ci,5,bg,1
11441,ac,1,cj,2,bg,2,ci,2
11442,bg,3,ca,5
11443,cj,2,ce,1
11444,aa,3,cd,2,ce,3
11445,aa,1,ci,1,bg,2,ce,5,ch,1
11446,bg,1,ac,1,ci,2,ch,3,ce,2
11447,bg,2,ch,1,cj,1,cb,1
11448,ca,2,ce,1,cb,1,bg,6
11449,ch,1,aa,1
11450,ce,2,cc,2
11451,ce,3,ch,2,cj,2,bg,4
11452,bb,2,ci,1,bg,1
11453,cj,1,bg,3,be,2,aa,2,aj,2
11454,ba,1,ce,3,ci,1,cj,2
11455,ci,2,aa,3,bi,2,bg,5,ch,3
11456,ca,1,cj,1,ce,3
11457,aa,1,ce,1
11458,ci,2,cj,4,ce,4,bg,2
11459,cj,2,ad,6
11460,bg,3,aa,1,ch,3
11461,aa,2,af,1
11462,aa,1,ch,3,cj,1
11463,bg,1,ci,1,cj,3,aa,2
11464,ce,2,bf,1
11465,ce,2,cj,1
11466,aa,2,cj,2,bg,7,ce,1,ci,3
11467,cj,1,ce,1,ch,4,aa,1,bg,3
11468,ce,3,ch,5
11469,ch,2,ce,1,cj,3,bg,1
11470,ce,3,ai,1,bg,5,bd,4
11471,ca,2,bj,3,bi,1,cj,1
11472,bg,1,ci,3,bf,1,ce,2,ch,1
11473,bg,2,ce,6
11474,ad,3,ce,2,ag,1
11475,cd,5,ce,3,bj,2,cc,4
11476,ce,4,ci,3,aa,2,ch,1
11477,ch,1
11478,aa,1,cj,3,bf,1,ce,1
11479,ci,1
11480,ai,1,ci,4
11481,ch,2,af,3,ce,2,ci,1
11482,ch,1,aa,2,ba,1,cj,2
11483,cj,1,aj,2,ci,7,cf,2
11484,cj,3
11485,bg,2,ae,1
11486,ci,3,aa,2,bf,1
11487,bf,2,ce,1,cf,1,bg,2,ch,3
11488,ch,1,ci,2,bb,3,ce,4
11489,bg,5,ci,3,ch,3,cg,1
11490,ch,4,bg,4,ce,1,cj,1
11491,ce,3
11492,ch,1
11493,ci,2,ag,2,ce,6,bg,3
11494,aa,1,bh,5,cj,1,bg,2
11495,cj,1
11496,ci,2,bj,3,bg,1
11497,cj,1
11498,aa,4,ce,1,bg,1
11499,ce,1,aa,2,cg,4
11500,ci,2,bj,2,ch,2,ca,2
11501,ad,2,cd,3,ba,3,ch,2,bg,3
11502,ab,2,ci,1,ai,4
11503,bg,1,aa,1,ch,1,bh,5
11504,ce,3,aa,1,ci,1
11505,ce,3,aa,2,cj,2,bh,1
11506,ce,6,cj,4
11507,bg,1,ce,3,cj,3,aa,1,ae,1
11508,cj,1,aa,4,ce,1
11509,cc,2,aa,1,ch,1,bg,3
11510,ba,3,ce,1
11511,ch,4,bg,1,cb,1,aa,1
11512,cj,1,aj,2,ci,1,ch,2,ba,1
11513,ce,1,aa,1,ch,6,ca,1
11514,ce,1,cf,2,cg,3,cj,1,ch,1
11515,ci,6,cj,3,af,3
11516,ci,1,bd,1,cc,4
11517,ci,1,bj,3,ch,1,ce,1,aa,1
11518,ab,2,ba,1,cj,1,aa,1,ca,1
11519,ce,1,ch,1,cc,1
11520,ch,2,cj,2,bg,5
11521,cj,1,ci,3,ch,2,bb,1
11522,ai,5,ce,2,ch,1,be,1
11523,aa,1,ce,4,ch,2,ac,2
11524,ci,1
11525,bf,5
11526,ci,3
11527,ci,2
11528,bg,3,cj,3,bj,1
11529,aa,4,cd,4,ca,2
11530,aa,3,ce,2
11531,aa,2,bg,2,cj,1
11532,cj,1,ch,2,bf,2
11533,aa,1
11534,ci,2,ch,2
11535,ac,2,ch,1,ce,5,ag,4
11536,ci,1,be,1,cb,1,cj,2
11537,ch,1,ce,2,aa,4
11538,aa,2,ch,2,ci,2,cj,1,aj,1
11539,ce,1,ci,3,cj,4
11540,ch,3
11541,ci,2,bg,2,ce,4,aa,1
11542,ch,2,ci,2,ce,2,ad,4,bg,4
11543,ch,1,cj,2,aa,4
11544,aa,1,ch,1,ci,2,cj,1
11545,aa,2,cb,2
11546,ch,2,ci,4,cj,1
11547,cc,3,aa,1
11548,bg,5,ci,5,aa,1
11549,aa,2,ci,4,bg,5
11550,ch,1,af,2,ba,1,cb,5
11551,bg,1,ch,1
11552,bg,4,ch,4,ce,3
11553,cj,1,ci,4,aa,1,be,2
11554,cj,3,be,1,ch,1
11555,ch,1,bg,3
11556,ac,1,ci,3,bg,5
11557,ch,1,ah,3,bg,2,aa,2
11558,aa,2,ci,2,cj,1,aj,2
11559,bg,2,ci,1,bf,1
11560,ci,2,be,1,aa,3
11561,ce,1,cj,1,ci,2,bf,1,bg,1
11562,cj,3,ce,3
11563,cj,3,aa,1,bg,3,cg,2
11564,cj,1,ac,4,ch,3,ce,1
11565,bd,1,cj,1,ch,1,aa,3
11566,ce,1,ci,1,ch,3
11567,ch,1,ci,3
11568,ch,2,bg,3
11569,aa,4,ch,1,ci,2,bg,3
11570,cj,2,aa,2,ad,2
11571,ch,1,ci,2,aa,3,cd,2
11572,bg,1,aa,4,ac,1
11573,bg,6,cj,1,ba,3,aa,1
11574,ce,2,ch,7,bi,3
11575,bg,3,ci,3
11576,aa,4
11577,ce,3,bg,2
11578,ce,5,ch,3,ci,1
11579,ce,1,cj,2
11580,bg,3
11581,bg,3,ci,2
11582,ci,2,cg,1,aa,1
11583,aa,3,ce,4,ci,1
11584,ch,3,bg,4,bh,3,aj,3
11585,aa,1,ch,1,cj,1
11586,ce,2,ci,4,aa,3,bc,1
11587,ai,5,cj,3,cg,1,ce,4
11588,ai,3,ci,6,ch,2
11589,ci,4,cj,1,ce,1
11590,ce,2,ci,2,aa,1,cj,4
11591,bg,1,ci,2,ba,2
11592,ag,2,ce,6
11593,ci,2,ce,2,ch,3
11594,ci,1,ca,1
11595,cj,1,ci,4,ce,3
11596,ah,4,ae,2,ci,3
11597,bg,1,ch,1
11598,bg,4,ch,1,ce,4,aa,3,cd,1
11599,ci,5,aa,1,ca,1
11600,bd,2,be,1,aa,1
11601,bg,2,cb,1,aa,1
11602,aa,3,ci,2
11603,ah,3,ce,4,ci,6
11604,ci,2,aa,5,cj,1,ce,1,bi,4
11605,bg,2,ci,1,cj,1,ch,2,aa,1
11606,cj,2,bg,3,ci,1
11607,bg,2,aa,3,ci,2
11608,be,1
11609,aa,3,bb,1,ce,3,ci,5
11610,ab,3,bg,3,ce,1,af,2,ci,2
11611,bg,1,aa,2,ad,3,cj,1
11612,ce,2,cj,4,aa,1,ch,1
11613,cj,1,ce,2
11614,bg,3,ce,2,aa,2
11615,ch,6
11616,ch,3,bg,2,cj,1,ce,5,ci,3
11617,bg,1,ce,3,cg,5
11618,cj,1,ci,1
11619,bb,1
11620,ci,3,ce,2,cj,3
11621,bg,3,ch,1,ah,1
11622,cb,3,ce,3
11623,be,1,bg,2,ci,1,ch,3,ce,3
11624,ch,1,bb,3,ce,3,cj,2,cc,2
11625,aa,1,ch,1,ci,1,bf,4,cj,1
11626,ci,3,cj,3
11627,aa,1,ce,1
11628,cj,3,ce,1,bg,2,ai,2
11629,aa,2,ci,1,cj,1
11630,cj,1,ce,2
11631,bg,1,cj,2,ci,2
11632,cj,1,ci,1,ce,1
11633,ch,2,ag,4
11634,ce,5,aa,3,cg,1,ci,2
11635,ce,4,bg,4,ch,1
11636,cj,1,ch,4,bg,2
11637,ce,2,aa,1,bg,1,cb,2
11638,bg,2,ch,1,ad,2,cj,2
11639,cj,3
11640,ch,2,ce,1,bg,1,aa,2
11641,bg,2,ce,1
11642,ch,3,ai,1,ce,2
11643,ce,1,aa,2,ci,4,aj,3,cb,2
11644,aa,1,ci,4,bc,1
11645,bg,2,ce,2,aa,1
11646,ch,1
11647,ce,2,bg,3,ch,2,ci,2
11648,cj,1,bh,2,aa,2
11649,bi,4,ce,2
11650,ce,2,aa,3,ch,1
11651,cj,2,ci,1,aa,2
11652,ci,5,ch,3
11653,ci,1,ba,1,ce,1,ae,1
11654,bg,2,ci,1,cj,1,aa,3,ce,1
11655,ch,1,bg,3
11656,bg,4,aa,3,ce,1,cj,3
11657,aa,4
11658,aj,3,ch,1
11659,cj,2,ah,2,bg,2,aa,1
11660,cj,2,ch,1
11661,ci,2
11662,cj,1,ci,1,aa,2,ch,3,ce,1
11663,cj,1,be,2
11664,ce,1,bh,1,aa,2
11665,bg,3,ch,7
11666,cj,1,ci,1,aa,1,ad,1,ce,1
11667,cj,5
11668,ce,1,ci,2,ch,2,aa,2
11669,ai,1,bf,3,ce,3,cj,1,be,2
11670,bg,1,ai,2,ch,2
11671,ch,2,aa,1
11672,aa,4,bg,3
11673,ci,2,cj,1,bg,3
11674,ce,1,aa,4,bh,2
11675,ah,2,bg,2
11676,ch,4,cj,2,ce,2,bg,2
11677,bg,4,ad,2
11678,ce,2,aa,1,bg,3,cj,1
11679,ch,2,aa,3,bg,1,cc,5
11680,aa,3
11681,cj,1,bj,1,aa,1,bg,4,ch,3
11682,ci,1,cj,1
11683,ci,3,bg,1,bb,1,cj,2,ce,2
11684,ce,1,ba,1
11685,cd,2,aa,4,ci,1,af,2
11686,cj,5,ci,1
11687,bg,2,cj,1,af,1,ce,1,ci,1
11688,ch,1,aa,3,ci,1
11689,ce,3,ac,2
11690,bg,2,bh,2,ci,2
11691,ch,2,cj,4,bg,2
11692,bg,1,ch,2,ci,2
11693,cj,2,ch,3,bg,1,ae,1
11694,ce,2,cj,1,ba,1,ci,3,ch,1
11695,cj,1
11696,aa,2
11697,ch,1,aa,1,cj,2
11698,aa,3,bb,1
11699,ci,1,ch,3
11700,ci,3,cg,1
11701,ce,3,cj,1,ch,3
11702,bf,1,ci,2,cj,2,ch,3
11703,ca,1,aa,1
11704,ci,2,ce,3,aj,4
11705,ce,1,aa,2
11706,ch,1,aj,2
11707,ci,3,cj,2,bg,2,ai,3
11708,cj,5,ce,3,bg,3
11709,bg,2
11710,bg,4,cj,2,ce,5,cc,5
11711,ce,3,cb,2,ci,4
11712,ch,2,ce,1,cj,1,aa,2
11713,ch,1,cj,2
11714,bg,4,bd,3,ch,2,ci,1
11715,ce,1,bi,1,bg,2,aa,3,ab,2
11716,aa,4,ch,1,bg,1
11717,ae,1,cj,1,ce,4,ci,2
11718,ch,1,aa,1,ce,4,ci,1
11719,ce,1,bf,2
11720,bg,1,ch,1,aa,1
11721,ci,3
11722,be,1,cj,1,ch,2,af,1
11723,cj,1,aa,2,ci,3
11724,af,4,cj,2
11725,bg,1,aa,4,bf,1,ch,1
11726,aa,1,cj,1
11727,ai,3
11728,bg,2,ch,1,ag,3
11729,ch,3,ad,3
11730,cj,2,cc,1,bj,2
11731,ah,1,aa,2,bh,4
11732,ch,2,ci,1,bc,2,cj,1
11733,bg,3,af,2,bc,2,cj,2
11734,ce,1,bg,4
11735,ce,1,ci,2,ch,4
11736,bg,2,aa,3
11737,cj,1,aa,2,bg,3
11738,bg,2
11739,bh,2,cj,4
11740,ch,2,ce,6,aa,5,bg,4,aj,1
11741,cj,2
11742,aa,4,bg,5,ce,1
11743,ci,3,bg,2,cj,3,aa,2
11744,ce,1,aa,3,ah,1,bg,3,ch,4
11745,aa,2,bg,4
11746,aj,1,cj,5,ci,2
11747,bf,6,ce,2,cj,1
11748,bg,2,bd,1,ch,3,aa,1
11749,bg,2,aa,3,ch,3
11750,aa,1,ag,2,ad,5,ba,2,ci,1
11751,ci,1,ce,1,aa,2,ch,3
11752,ch,2,cj,1
11753,ch,1,ci,1,ce,1,cj,3,bg,1
11754,bg,2,cj,1
11755,ch,3,ci,1,bg,1,cj,1
11756,ce,1,bg,1
11757,aj,4,cj,3,ce,1,ch,3
11758,ci,2,ce,1,ch,2
11759,ci,4,bg,4,ch,1,cj,1,aa,2
11760,bg,3,ch,1,cj,3
11761,bg,3,ci,2
11762,cj,2,aa,4,ce,2
11763,ch,1,ci,3
11764,aa,3,bg,3,ch,3
11765,bg,1,cj,3,ce,2
11766,bg,1,cf,3,ci,3,aa,2
11767,ae,3,bg,3,aa,3,be,1,bi,2
11768,ci,1,be,2,af,2,ai,4
11769,ce,2,aa,2,ch,5
11770,cj,2,ci,1
11771,ci,1,ch,1
11772,ch,2,ag,2,aa,2,ci,2
11773,aa,3,ci,3
11774,ci,1,bh,3,ae,2
11775,aa,3,ci,1,cj,3
11776,ce,1,aa,3,ch,1,bi,4
11777,ci,2
11778,ci,1,bg,4
11779,cj,2,aa,1,ac,2,ch,1,ci,2
11780,bg,1,bb,3,bd,3
11781,cj,2,ai,2
11782,bg,2,ci,1,ce,2
11783,bg,2,ce,4,ci,2,ch,3
11784,ch,1,ca,3,ce,2,ci,3,aa,2
11785,ci,1,ce,1,ca,3
11786,cf,1,cj,4,bf,2
11787,cj,1
11788,ai,2
11789,ci,2,aa,2,bf,4,bd,1,ba,1
11790,ah,2,ce,3,ci,3,bg,4
11791,bc,4,ci,1
11792,ci,3,aa,2
11793,aa,3,ce,1,ch,1
11794,af,4,cc,2
11795,ch,3
11796,ci,3
11797,bg,3,aa,2
11798,ci,2,cj,2
11799,cc,2,cj,3
11800,ce,3
11801,ci,2,ch,4
11802,cj,1,ce,1,ca,4,ch,1
11803,bg,1,aa,1,cj,1,ci,4
11804,aa,1,ci,1,cb,1,cj,1
11805,ch,2,aa,1,ci,2,bg,2,ab,3
11806,ce,1,ch,3,bg,2
11807,ch,2,cj,1,aa,1
11808,cj,2,ch,2,ba,1,ce,2,bg,2
11809,aa,2,cd,3,ch,3,ce,3
11810,aa,2,bg,2
11811,bg,2,ci,1,ce,3,cj,1,aa,4
11812,cb,2,aj,4,aa,1
11813,cj,3,aa,2,cc,2
11814,ce,1,cj,3,bg,5
11815,cj,1,ci,5,bc,1,aa,1
11816,cj,2,aa,3
11817,aa,3,cj,2,ch,2
11818,ai,2,ch,4
11819,ci,2,ce,1,bb,5
11820,ca,3,ch,3,bc,1
11821,ah,2,bg,3,cj,3
11822,bg,2
11823,cj,2,ce,2,bg,2,bb,1
11824,ce,5,ch,2,cj,1
11825,bi,1,cj,1
11826,ch,2,ba,1,bg,3,cj,3
11827,ce,1,cj,1
11828,ch,1,ce,6,ci,1,ab,2
11829,ch,4,bb,2
11830,bg,1,ci,4
11831,bg,3,ab,2
11832,ce,3
11833,ce,4,ad,1,ch,3
11834,cd,3,ce,1,aj,2
11835,bg,1,ci,2,ce,2,ch,1
11836,cj,2,ch,1,aa,4
11837,ce,3,ci,5,ae,3,ad,1
11838,cd,3,aa,2,ch,4
11839,ca,2,bg,2,ci,2,cj,3,ac,4
11840,bg,1,ac,3
11841,bj,2,aa,2,ci,1,ch,2
11842,ce,6,bg,1,ad,1,ch,2,ai,1
11843,be,4,bg,2,ci,2,ce,2
11844,aa,2,bg,2,ci,1,ch,1,cb,1
11845,aa,3,ae,2
11846,aa,3,bg,1,ce,1,ae,1,cj,1
11847,ai,3,ce,1,ch,2
11848,cc,2,cj,1
11849,cb,3,cj,2,ch,1
11850,ch,3,ci,3
11851,bg,2,ce,5,ch,1,cb,1,cj,3
11852,ch,3,ci,1,cg,2,bg,4,cj,1
11853,cj,1,ch,3
11854,cj,1,ch,1,ci,1,aa,3
11855,ag,3,ch,2,aa,1,ci,1
11856,cj,2,aa,4,bc,1
11857,ce,1,cj,1,af,2,ch,4
11858,ab,1,ce,2
11859,ce,3,ci,4,ch,1,ab,2
11860,aa,1,ch,2,bg,3,ah,1,ce,2
11861,ce,3
11862,bb,5,ce,4
11863,ai,2,ch,2,bj,2,bg,1
11864,aa,2
11865,cj,1,ch,1,aa,1
11866,ci,4,bg,3,aj,2,ce,1,ch,2
11867,ce,2,aa,2
11868,ci,1,bc,1,cj,1,ce,3,cf,3
11869,cj,1,ce,1
11870,ab,1,ch,3,ci,1
11871,cj,4,bg,2,ci,2
11872,cj,2
11873,bg,5,aa,1,cg,2,ci,1,ch,2
11874,ce,1,bg,3
11875,aa,1,ci,1,bj,4,bi,2
11876,ce,5,bd,1,bg,2,ci,4,ch,3
11877,ci,2,bg,2,ce,1,aa,1
11878,ag,1,aj,2
11879,aa,4
11880,bg,1,bj,2
11881,aa,4,af,3
11882,bg,1,aa,5,ag,1
11883,aa,2
11884,bb,5,aa,1
11885,ba,1,ci,5,ce,5
11886,ab,2,ci,3,cb,2,bg,3
11887,ch,1,ad,3,ba,3,aa,1,cj,1
11888,cj,2,aa,1,ba,1,bc,2
11889,bg,2,ce,5
11890,bi,1,ad,1,ch,3,aa,1
11891,ci,4,cf,1,ce,2
11892,bg,2,ci,2
11893,ci,4
11894,ci,1,ce,1
11895,ch,1,ci,2,cc,2,aa,1
11896,cg,1,cj,2
11897,ab,4,ch,2,ci,1,bg,3
11898,ce,3,ci,4,bg,1,bb,3
11899,bg,1,ch,4,cc,1
11900,bg,2,ce,2,ch,2
11901,af,4,ce,3,bg,3,aa,4
11902,aa,1
11903,ca,1,ce,3,cj,2,aa,4,bg,2
11904,ci,1,ca,3,cj,1
11905,ba,3,cj,1,bj,1
11906,aa,1
11907,bg,3,ce,3,aa,2,cg,2
11908,ce,2,ch,5,cd,2,bg,1,ci,2
11909,ch,2,ae,3
11910,ce,4,cb,2,aa,3,bg,3,cj,2
11911,cj,1,ch,2,aa,2,bc,1
11912,aa,2,ch,3,bg,2,cj,2
11913,ci,2
11914,ci,1,aa,2
11915,ci,1,ab,1,bh,2,cj,2
11916,bg,2,bj,1
11917,ai,2,ci,1
11918,bg,1,ci,2
11919,cb,4,ch,1,aa,3
11920,aa,3,ce,1,bi,3,cj,3
11921,bg,3,ce,3,ci,2,ab,2,bf,2
11922,ci,2,ch,2,cd,1
11923,ch,2,ai,3,bj,1,bg,3
11924,ch,1,ce,2,bg,3
11925,aa,2,ci,2
11926,ci,3,bg,1,ch,6
11927,ab,2,aa,1,ag,1
11928,ac,3,ci,1,bg,4
11929,bg,1,cj,2,ce,1,ch,3
11930,cg,3,bd,2,ch,2
11931,bg,1,ce,1,ch,4
11932,cj,3,bg,2
11933,bg,2,ag,2,ch,2
11934,bg,3
11935,bg,5,ce,1,ae,3,ci,3
11936,bg,4,aa,2
11937,ch,1,ci,1,aa,5
11938,bg,4,ah,1,bh,3,cj,2
11939,cf,1,cj,1,ce,2,ci,4,ch,3
11940,cj,2,ch,1,bg,3
11941,cj,1
11942,cj,2,ci,1,ce,2
11943,ch,1,ce,2,ci,8,bh,1
11944,ch,4,cj,1,ci,3
11945,ce,1,ad,1,ci,4,cj,1
11946,cc,1,ce,2,ch,1,bh,1,bj,3
11947,cj,1,bg,3,cf,3,ce,5
11948,be,1,bg,1
11949,cj,1,aj,3,cc,1
11950,ci,1,bg,2
11951,ch,3
11952,ce,2,aa,2
11953,ch,2,cj,1,ci,4
11954,ac,2,ai,2,bd,4
11955,aa,2,ac,1
11956,bg,1,ci,4
11957,ce,1,aa,1
11958,ci,3,ce,1,ch,3,bf,6
11959,ac,2,cj,2
11960,ch,1,ci,1
11961,cb,4,ac,1,ch,5
11962,cj,3,aa,2,aj,2,ce,4
11963,bg,2,cj,1,ce,3
11964,ce,3,cj,2,bg,3,ad,2
11965,ce,5,bf,4
11966,cg,1,cj,2,af,5,ch,1
11967,bf,1,aa,3
11968,ci,2,ce,1
11969,bh,1,cb,1,bg,2,ce,4,aa,2
11970,bg,3,ab,2
11971,ce,1,ci,2,af,2
11972,bg,3,ch,3,ci,1,ce,3,aa,2
11973,ch,2,aa,3,ci,1
11974,bg,2,cj,5
11975,cg,1,bg,4,ci,1,ch,3
11976,ci,1,ce,3,bg,2
11977,cj,1,ce,5,bg,3
11978,ce,1,cf,4,ad,3,aa,1
11979,cb,3,bd,1
11980,bg,1,ci,6,cj,2,ce,2,cb,2
11981,aa,2,ci,1,ch,3
11982,ce,3,ba,3,ch,3,bg,4
11983,ai,1,aa,1,ch,2
11984,ci,1,bb,2,ce,1
11985,cd,3,ch,1,cj,2,ce,7,aa,2
11986,aa,1
11987,aa,1,cj,2,ci,3,bg,4,cg,1
11988,bg,3,af,2,ch,1,cj,2
11989,ch,1,aa,2,ce,2
11990,cj,3,ch,2,ce,4
11991,ab,1,bg,3,ci,3
11992,aa,1,ch,1,ce,2,cj,1,aj,2
11993,ce,4,bi,2,be,1
11994,bc,2,aa,2
11995,cj,1,cg,1,bc,1,ch,3,ce,4
11996,bg,2,cj,2,ci,1
11997,cj,3
11998,ab,1,bi,1,bg,3
11999,ac,4,bg,1,ce,4,cg,2
